,Title,image_url
0,Star Wars: Episode IV - A New Hope (1977),https://liangfgithub.github.io/MovieImages/260.jpg
1,Star Wars: Episode V - The Empire Strikes Back (1980),https://liangfgithub.github.io/MovieImages/1196.jpg
2,Star Wars: Episode VI - Return of the Jedi (1983),https://liangfgithub.github.io/MovieImages/1210.jpg
3,"Matrix, The (1999)",https://liangfgithub.github.io/MovieImages/2571.jpg
4,Terminator 2: Judgment Day (1991),https://liangfgithub.github.io/MovieImages/589.jpg
5,Back to the Future (1985),https://liangfgithub.github.io/MovieImages/1270.jpg
6,Jurassic Park (1993),https://liangfgithub.github.io/MovieImages/480.jpg
7,Men in Black (1997),https://liangfgithub.github.io/MovieImages/1580.jpg
8,E.T. the Extra-Terrestrial (1982),https://liangfgithub.github.io/MovieImages/1097.jpg
9,"Terminator, The (1984)",https://liangfgithub.github.io/MovieImages/1240.jpg
